1.5,1.5,0.14683724640380438,-234.803258
1.55,1.5,5.766185714395055,-234.794303
1.6,1.5,6.558102829610999,-234.793041
1.65,1.5,8.380390708011568,-234.790137
1.7,1.5,10.99334068239558,-234.785973
1.75,1.5,14.203052286406715,-234.780858
1.7999999999999998,1.5,17.828802755201878,-234.77508
1.8499999999999999,1.5,21.7306574479955,-234.768862
1.9,1.5,25.805077280799317,-234.762369
1.95,1.5,29.92530531441232,-234.755803
2,1.5,33.973369744011336,-234.749352
2.05,1.5,37.94864305999794,-234.743017
2.0999999999999996,1.5,41.89442342480551,-234.736729
2.15,1.5,45.766785166402265,-234.730558
2.1999999999999997,1.5,49.46971931599874,-234.724657
2.25,1.5,52.9818905471953,-234.71906
2.3,1.5,56.38989518480517,-234.713629
2.3499999999999996,1.5,59.73326633359987,-234.708301
2.4,1.5,62.926035178400284,-234.703213
2.4499999999999997,1.5,65.96506417119647,-234.69837
2.5,1.5,68.97836527040413,-234.693568
2.55,1.5,72.08767533840123,-234.688613
2.5999999999999996,1.5,75.34507767199896,-234.683422
2.65,1.5,78.71794177200837,-234.678047
2.6999999999999997,1.5,82.10084602561028,-234.672656
2.75,1.5,85.38836882000331,-234.667417
2.8,1.5,88.57674509759697,-234.662336
1.5,1.55,0,-234.803492
1.55,1.55,5.372737195207498,-234.79493
1.6,1.55,6.203559905596555,-234.793606
1.65,1.55,8.035887937607445,-234.790686
1.7,1.55,10.652602969599785,-234.786516
1.75,1.55,13.845371814400192,-234.781428
1.7999999999999998,1.55,17.43911929360481,-234.775701
1.8499999999999999,1.55,21.304578429601154,-234.769541
1.9,1.55,25.338837647999355,-234.763112
1.95,1.55,29.425180163208736,-234.7566
2,1.55,33.449399227996615,-234.750187
2.05,1.55,37.36819668000097,-234.743942
2.0999999999999996,1.55,41.21357550881234,-234.737814
2.15,1.55,44.94914015759777,-234.731861
2.1999999999999997,1.55,48.487039282400715,-234.726223
2.25,1.55,51.81723272961086,-234.720916
2.3,1.55,55.04388709279705,-234.715774
2.3499999999999996,1.55,58.2146931015994,-234.710721
2.4,1.55,61.24619197919677,-234.70589
2.4499999999999997,1.55,64.13650119681175,-234.701284
2.5,1.55,67.01739777039698,-234.696693
2.55,1.55,70.00497097599825,-234.691932
2.5999999999999996,1.55,73.14126395679857,-234.686934
2.65,1.55,76.36791832000259,-234.681792
2.6999999999999997,1.55,79.55566708799785,-234.676712
2.75,1.55,82.6367392239949,-234.671802
2.8,1.55,85.63560760240331,-234.667023
1.5,1.6,1.2211336816023708,-234.801546
1.55,1.6,6.202932395998139,-234.793607
1.6,1.6,7.1140763351984235,-234.792155
1.65,1.6,8.969622222404197,-234.789198
1.7,1.6,11.57943464879613,-234.785039
1.75,1.6,14.751495676795315,-234.779984
1.7999999999999998,1.6,18.3107301279979,-234.774312
1.8499999999999999,1.6,22.127871024809224,-234.768229
1.9,1.6,26.09937928320534,-234.7619
1.95,1.6,30.111675665605485,-234.755506
2,1.6,34.05871104960988,-234.749216
2.05,1.6,37.897814782401426,-234.743098
2.0999999999999996,1.6,41.62522180640745,-234.737158
2.15,1.6,45.200771507204514,-234.73146
2.1999999999999997,1.6,48.54916273280438,-234.726124
2.25,1.6,51.67541556001221,-234.721142
2.3,1.6,54.69875681281234,-234.716324
2.3499999999999996,1.6,57.67440733600804,-234.711582
2.4,1.6,60.52518344879798,-234.707039
2.4499999999999997,1.6,63.25359518961151,-234.702691
2.5,1.6,65.9882820264092,-234.698333
2.55,1.6,68.8378031200023,-234.693792
2.5999999999999996,1.6,71.82600383520199,-234.68903
2.65,1.6,74.8681703760081,-234.684182
2.6999999999999997,1.6,77.83315323599506,-234.679457
2.75,1.6,80.7065196943993,-234.674878
2.8,1.6,83.51525266400623,-234.670402
1.5,1.65,3.5209563656100524,-234.797881
1.55,1.65,8.035260428009028,-234.790687
1.6,1.65,8.968994712805783,-234.789199
1.65,1.65,10.864701214399336,-234.786178
1.7,1.65,13.477651188801183,-234.782014
1.75,1.65,16.627121871203897,-234.776995
1.7999999999999998,1.65,20.14556819840245,-234.771388
1.8499999999999999,1.65,23.902468173605353,-234.765401
1.9,1.65,27.790517655198165,-234.759205
1.95,1.65,31.696764915198536,-234.75298
2,1.65,35.51704336000194,-234.746892
2.05,1.65,39.21621245200792,-234.740997
2.0999999999999996,1.65,42.789879624009735,-234.735302
2.15,1.65,46.18909912720611,-234.729885
2.1999999999999997,1.65,49.339197319207244,-234.724865
2.25,1.65,52.2602545071981,-234.72021
2.3,1.65,55.075262572807006,-234.715724
2.3499999999999996,1.65,57.845089947205146,-234.71131
2.4,1.65,60.501965593603096,-234.707076
2.4499999999999997,1.65,63.05216460800286,-234.703012
2.5,1.65,65.61930638159552,-234.698921
2.55,1.65,68.30630248880661,-234.694639
2.5999999999999996,1.65,71.11440794879726,-234.690164
2.65,1.65,73.9438487352054,-234.685655
2.6999999999999997,1.65,76.68794821599717,-234.681282
2.75,1.65,79.36866922720625,-234.67701
2.8,1.65,81.99354188399583,-234.672827
1.5,1.7,6.815381765603489,-234.792631
1.55,1.7,10.651975460001369,-234.786517
1.6,1.7,11.578807139197716,-234.78504
1.65,1.7,13.477023679202766,-234.782015
1.7,1.7,16.09373871119511,-234.777845
1.75,1.7,19.223129086395016,-234.772858
1.7999999999999998,1.7,22.697649741597463,-234.767321
1.8499999999999999,1.7,26.384896151197875,-234.761445
1.9,1.7,30.173171606410737,-234.755408
1.95,1.7,33.9495243792002,-234.74939
2,1.7,37.61669048159781,-234.743546
2.05,1.7,41.145804472005096,-234.737922
2.0999999999999996,1.7,44.53686635040424,-234.732518
2.15,1.7,47.74218538720863,-234.72741
2.1999999999999997,1.7,50.69399054561102,-234.722706
2.25,1.7,53.41424466160947,-234.718371
2.3,1.7,56.02280206880457,-234.714214
2.3499999999999996,1.7,58.5780211600095,-234.710142
2.4,1.7,61.02844614801148,-234.706237
2.4499999999999997,1.7,63.384117186403,-234.702483
2.5,1.7,65.76614362799933,-234.698687
2.55,1.7,68.2630043264089,-234.694708
2.5999999999999996,1.7,70.86528663760203,-234.690561
2.65,1.7,73.4732165351987,-234.686405
2.6999999999999997,1.7,76.01588543439965,-234.682353
2.75,1.7,78.51588368080131,-234.678369
2.8,1.7,80.9600335728013,-234.674474
1.5,1.75,14.204307305603546,-234.780856
1.55,1.75,13.845371814400192,-234.781428
1.6,1.75,14.752123186411566,-234.779983
1.65,1.75,16.62649436160548,-234.776996
1.7,1.75,19.223129086395016,-234.772858
1.75,1.75,22.32490903921113,-234.767915
1.7999999999999998,1.75,25.75173896480914,-234.762454
1.8499999999999999,1.75,29.360546674411406,-234.756703
1.9,1.75,33.037752930401496,-234.750843
1.95,1.75,36.672916043208566,-234.74505
2,1.75,40.1813222167968,-234.739459
2.05,1.75,43.539126086408565,-234.734108
2.0999999999999996,1.75,46.74570014240979,-234.728998
2.15,1.75,49.75523618400911,-234.724202
2.1999999999999997,1.75,52.50435574160602,-234.719821
2.25,1.75,55.01753168961009,-234.715816
2.3,1.75,57.40771575600365,-234.712007
2.3499999999999996,1.75,59.73577637201137,-234.708297
2.4,1.75,61.96657299999715,-234.704742
2.4499999999999997,1.75,64.11516587041211,-234.701318
2.5,1.75,66.29136916321087,-234.69785
2.55,1.75,68.57801414559832,-234.694206
2.5999999999999996,1.75,70.95690303920256,-234.690415
2.65,1.75,73.34457706720247,-234.68661
2.6999999999999997,1.75,75.69585553840507,-234.682863
2.75,1.75,78.01826856800922,-234.679162
2.8,1.75,80.27730312799504,-234.675562
1.5,1.7999999999999998,17.827547736005044,-234.775082
1.55,1.7999999999999998,17.4384917840064,-234.775702
1.6,1.7999999999999998,18.3107301279979,-234.774312
1.65,1.7999999999999998,20.14556819840245,-234.771388
1.7,1.7999999999999998,22.699532270410543,-234.767318
1.75,1.7999999999999998,25.751111455210722,-234.762455
1.7999999999999998,1.7999999999999998,29.114562911208232,-234.757095
1.8499999999999999,1.7999999999999998,32.633009238406785,-234.751488
1.9,1.7999999999999998,36.186596103205794,-234.745825
1.95,1.7999999999999998,39.67743200800272,-234.740262
2,1.7999999999999998,43.03335334880141,-234.734914
2.05,1.7999999999999998,46.23239728960381,-234.729816
2.0999999999999996,1.7999999999999998,49.26640620559484,-234.724981
2.15,1.7999999999999998,52.083296799999,-234.720492
2.1999999999999997,1.7999999999999998,54.62345566080628,-234.716444
2.25,1.7999999999999998,56.91135566240839,-234.712798
2.3,1.7999999999999998,59.05806600401028,-234.709377
2.3499999999999996,1.7999999999999998,61.13575028960809,-234.706066
2.4,1.7999999999999998,63.128720779205764,-234.70289
2.4499999999999997,1.7999999999999998,65.05454774161244,-234.699821
2.5,1.7999999999999998,67.00924014559975,-234.696706
2.55,1.7999999999999998,69.06433408560109,-234.693431
2.5999999999999996,1.7999999999999998,71.20288680240574,-234.690023
2.65,1.7999999999999998,73.36402986480685,-234.686579
2.6999999999999997,1.7999999999999998,75.51450526399923,-234.683152
2.75,1.7999999999999998,77.64427284640823,-234.679758
2.8,1.7999999999999998,79.70250433440164,-234.676478
1.5,1.8499999999999999,21.7306574479955,-234.768862
1.55,1.8499999999999999,21.304578429601154,-234.769541
1.6,1.8499999999999999,22.127871024809224,-234.768229
1.65,1.8499999999999999,23.90309568320377,-234.7654
1.7,1.8499999999999999,26.384896151197875,-234.761445
1.75,1.8499999999999999,29.360546674411406,-234.756703
1.7999999999999998,1.8499999999999999,32.633009238406785,-234.751488
1.8499999999999999,1.8499999999999999,36.03724881840833,-234.746063
1.9,1.8499999999999999,39.45403859039602,-234.740618
1.95,1.8499999999999999,42.79866475840539,-234.735288
2,1.8499999999999999,46.01214142000702,-234.730167
2.05,1.8499999999999999,49.06497562400403,-234.725302
2.0999999999999996,1.8499999999999999,51.93583204399678,-234.720727
2.15,1.8499999999999999,54.56321473919785,-234.71654
2.1999999999999997,1.8499999999999999,56.88437274960518,-234.712841
2.25,1.8499999999999999,58.92252393039579,-234.709593
2.3,1.8499999999999999,60.79438506719604,-234.70661
2.3499999999999996,1.8499999999999999,62.59031754240964,-234.703748
2.4,1.8499999999999999,64.32098901920968,-234.70099
2.4499999999999997,1.8499999999999999,66.00396976640526,-234.698308
2.5,1.8499999999999999,67.71518844560089,-234.695581
2.55,1.8499999999999999,69.51300344960974,-234.692716
2.5999999999999996,1.8499999999999999,71.38674711520524,-234.68973
2.65,1.8499999999999999,73.29500380880278,-234.686689
2.6999999999999997,1.8499999999999999,75.21079061759914,-234.683636
2.75,1.8499999999999999,77.11026217680102,-234.680609
2.8,1.8499999999999999,78.94070767999882,-234.677692
1.5,1.9,25.8044497712009,-234.76237
1.55,1.9,25.33821013840094,-234.763113
1.6,1.9,26.101261812000587,-234.761897
1.65,1.9,27.790517655198165,-234.759205
1.7,1.9,30.173171606410737,-234.755408
1.75,1.9,33.037752930401496,-234.750843
1.7999999999999998,1.9,36.186596103205794,-234.745825
1.8499999999999999,1.9,39.45403859039602,-234.740618
1.9,1.9,42.72399111599774,-234.735407
1.95,1.9,45.926800114408465,-234.730303
2,1.9,49.003479683198776,-234.7254
2.05,1.9,51.912614188801896,-234.720764
2.0999999999999996,1.9,54.61529803600904,-234.716457
2.15,1.9,57.0425051687983,-234.712589
2.1999999999999997,1.9,59.13022960800643,-234.709262
2.25,1.9,60.90608177599939,-234.706432
2.3,1.9,62.48426842000987,-234.703917
2.3499999999999996,1.9,63.973976210411884,-234.701543
2.4,1.9,65.41536576161104,-234.699246
2.4499999999999997,1.9,66.82788987121174,-234.696995
2.5,1.9,68.26174930721209,-234.69471
2.55,1.9,69.76400728960024,-234.692316
2.5999999999999996,1.9,71.33152627040198,-234.689818
2.65,1.9,72.93857835601092,-234.687257
2.6999999999999997,1.9,74.564455729608,-234.684666
2.75,1.9,76.18468551680151,-234.682084
2.8,1.9,77.74969445920958,-234.67959
1.5,1.95,29.922167766402406,-234.755808
1.55,1.95,29.42455265361032,-234.756601
1.6,1.95,30.111675665605485,-234.755506
1.65,1.95,31.696137405600123,-234.752981
1.7,1.95,33.9495243792002,-234.74939
1.75,1.95,36.672916043208566,-234.74505
1.7999999999999998,1.95,39.67743200800272,-234.740262
1.8499999999999999,1.95,42.79866475840539,-234.735288
1.9,1.95,45.926800114408465,-234.730303
1.95,1.95,48.99343952960629,-234.725416
2,1.95,51.949637255197594,-234.720705
2.05,1.95,54.67742148639487,-234.716358
2.0999999999999996,1.95,57.18306731920011,-234.712365
2.15,1.95,59.37809590000485,-234.708867
2.1999999999999997,1.95,61.21607151840148,-234.705938
2.25,1.95,62.72648712560471,-234.703531
2.3,1.95,64.01288180560283,-234.701481
2.3499999999999996,1.95,65.18820728639601,-234.699608
2.4,1.95,66.31709705679943,-234.697809
2.4499999999999997,1.95,67.42151395281111,-234.696049
2.5,1.95,68.53471598320063,-234.694275
2.55,1.95,69.6924711952025,-234.69243
2.5999999999999996,1.95,70.90607476160605,-234.690496
2.65,1.95,72.16485901920254,-234.68849
2.6999999999999997,1.95,73.4594113239979,-234.686427
2.75,1.95,74.7677688400119,-234.684342
2.8,1.95,76.03722076079929,-234.682319
1.5,2,33.973369744011336,-234.749352
1.55,2,33.449399227996615,-234.750187
1.6,2,34.0593385592083,-234.749215
1.65,2,35.51704336000194,-234.746892
1.7,2,37.61731799119622,-234.743545
1.75,2,40.1813222167968,-234.739459
1.7999999999999998,2,43.03335334880141,-234.734914
1.8499999999999999,2,46.01214142000702,-234.730167
1.9,2,49.003479683198776,-234.7254
1.95,2,51.93018445761104,-234.720736
2,2,54.70691443760958,-234.716311
2.05,2,57.25397590399943,-234.712252
2.0999999999999996,2,59.51238295440467,-234.708653
2.15,2,61.431307311210944,-234.705595
2.1999999999999997,2,62.992551196010695,-234.703107
2.25,2,64.2281175984123,-234.701138
2.3,2,65.22460284321113,-234.69955
2.3499999999999996,2,66.09056609120064,-234.69817
2.4,2,66.8975434367964,-234.696884
2.4499999999999997,2,67.66687020639804,-234.695658
2.5,2,68.4261568224072,-234.694448
2.55,2,69.21870144720371,-234.693185
2.5999999999999996,2,70.06834944559876,-234.691831
2.65,2,70.97949338479903,-234.690379
2.6999999999999997,2,71.93958307280059,-234.688849
2.75,2,72.9222631063986,-234.687283
2.8,2,73.87796022721125,-234.68576
1.5,2.05,37.947388040801115,-234.743019
1.55,2.05,37.367569170402554,-234.743943
1.6,2.05,37.897814782401426,-234.743098
1.65,2.05,39.21621245200792,-234.740997
1.7,2.05,41.145804472005096,-234.737922
1.75,2.05,43.539126086408565,-234.734108
1.7999999999999998,2.05,46.23239728960381,-234.729816
1.8499999999999999,2.05,49.065603133602444,-234.725301
1.9,2.05,51.912614188801896,-234.720764
1.95,2.05,54.67742148639487,-234.716358
2,2.05,57.25397590399943,-234.712252
2.05,2.05,59.548151001603536,-234.708596
2.0999999999999996,2.05,61.50221589601026,-234.705482
2.15,2.05,63.09358024160531,-234.702946
2.1999999999999997,2.05,64.33353921119581,-234.70097
2.25,2.05,65.2641359480005,-234.699487
2.3,2.05,65.96945673840322,-234.698363
2.3499999999999996,2.05,66.54237300320138,-234.69745
2.4,2.05,67.04312566400337,-234.696652
2.4499999999999997,2.05,67.4886574800021,-234.695942
2.5,2.05,67.91850155600478,-234.695257
2.55,2.05,68.38662371759999,-234.694511
2.5999999999999996,2.05,68.92377193519928,-234.693655
2.65,2.05,69.52304360320223,-234.6927
2.6999999999999997,2.05,70.1668684527997,-234.691674
2.75,2.05,70.83265613839524,-234.690613
2.8,2.05,71.48526612240619,-234.689573
1.5,2.0999999999999996,41.8937959152071,-234.73673
1.55,2.0999999999999996,41.21232048959767,-234.737816
1.6,2.0999999999999996,41.62459429680904,-234.737159
1.65,2.0999999999999996,42.789879624009735,-234.735302
1.7,2.0999999999999996,44.53686635040424,-234.732518
1.75,2.0999999999999996,46.74570014240979,-234.728998
1.7999999999999998,2.0999999999999996,49.26640620559484,-234.724981
1.8499999999999999,2.0999999999999996,51.93583204399678,-234.720727
1.9,2.0999999999999996,54.617180564804286,-234.716454
1.95,2.0999999999999996,57.18306731920011,-234.712365
2,2.0999999999999996,59.51238295440467,-234.708653
2.05,2.0999999999999996,61.50221589601026,-234.705482
2.0999999999999996,2.0999999999999996,63.10424790479621,-234.702929
2.15,2.0999999999999996,64.32098901920968,-234.70099
2.1999999999999997,2.0999999999999996,65.19699242080951,-234.699594
2.25,2.0999999999999996,65.79877412720612,-234.698635
2.3,2.0999999999999996,66.20979291520281,-234.69798
2.3499999999999996,2.0999999999999996,66.5066049560025,-234.697507
2.4,2.0999999999999996,66.73313592160129,-234.697146
2.4499999999999997,2.0999999999999996,66.91260366721188,-234.69686
2.5,2.0999999999999996,67.08767884559789,-234.696581
2.55,2.0999999999999996,67.31232728240143,-234.696223
2.5999999999999996,2.0999999999999996,67.59909916960864,-234.695766
2.65,2.0999999999999996,67.93167925760719,-234.695236
2.6999999999999997,2.0999999999999996,68.29939988320619,-234.69465
2.75,2.0999999999999996,68.69284840241158,-234.694023
2.8,2.0999999999999996,69.09068948880589,-234.693389
1.5,2.15,45.766785166402265,-234.730558
1.55,2.15,44.94914015759777,-234.731861
1.6,2.15,45.200771507204514,-234.73146
1.65,2.15,46.19098165600136,-234.729882
1.7,2.15,47.74218538720863,-234.72741
1.75,2.15,49.75523618400911,-234.724202
1.7999999999999998,2.15,52.083924309597414,-234.720491
1.8499999999999999,2.15,54.56321473919785,-234.71654
1.9,2.15,57.0425051687983,-234.712589
1.95,2.15,59.37809590000485,-234.708867
2,2.15,61.431307311210944,-234.705595
2.05,2.15,63.094207751203726,-234.702945
2.0999999999999996,2.15,64.32098901920968,-234.70099
2.15,2.15,65.14553663359673,-234.699676
2.1999999999999997,2.15,65.64942684240864,-234.698873
2.25,2.15,65.91925597040512,-234.698443
2.3,2.15,66.0384827944073,-234.698253
2.3499999999999996,2.15,66.07550586080299,-234.698194
2.4,2.15,66.06985827439942,-234.698203
2.4499999999999997,2.15,66.0428753615962,-234.698246
2.5,2.15,66.0359727559958,-234.698257
2.55,2.15,66.07425084160616,-234.698196
2.5999999999999996,2.15,66.15582708959639,-234.698066
2.65,2.15,66.27066134640965,-234.697883
2.6999999999999997,2.15,66.42063614080554,-234.697644
2.75,2.15,66.60575147280187,-234.697349
2.8,2.15,66.81220213119785,-234.69702
1.5,2.1999999999999997,49.46971931599874,-234.724657
1.55,2.1999999999999997,48.487039282400715,-234.726223
1.6,2.1999999999999997,48.54853522320597,-234.726125
1.65,2.1999999999999997,49.34045233840408,-234.724863
1.7,2.1999999999999997,50.69399054561102,-234.722706
1.75,2.1999999999999997,52.504983251204436,-234.71982
1.7999999999999998,2.1999999999999997,54.62345566080628,-234.716444
1.8499999999999999,2.1999999999999997,56.88437274960518,-234.712841
1.9,2.1999999999999997,59.13022960800643,-234.709262
1.95,2.1999999999999997,61.21607151840148,-234.705938
2,2.1999999999999997,62.992551196010695,-234.703107
2.05,2.1999999999999997,64.33353921119581,-234.70097
2.0999999999999996,2.1999999999999997,65.19699242080951,-234.699594
2.15,2.1999999999999997,65.64942684240864,-234.698873
2.1999999999999997,2.1999999999999997,65.8019116751982,-234.69863
2.25,2.1999999999999997,65.75735849360368,-234.698701
2.3,2.1999999999999997,65.60236362240262,-234.698948
2.3499999999999996,2.1999999999999997,65.40030553119556,-234.69927
2.4,2.1999999999999997,65.19008981520909,-234.699605
2.4499999999999997,2.1999999999999997,64.9905417623957,-234.699923
2.5,2.1999999999999997,64.82362420880692,-234.700189
2.55,2.1999999999999997,64.700004817598,-234.700386
2.5999999999999996,2.1999999999999997,64.6127809832042,-234.700525
2.65,2.1999999999999997,64.55944266719618,-234.70061
2.6999999999999997,2.1999999999999997,64.5494025136037,-234.700626
2.75,2.1999999999999997,64.58768059919623,-234.700565
2.8,2.1999999999999997,64.65984420321021,-234.70045
1.5,2.25,52.9818905471953,-234.71906
1.55,2.25,51.817860239209274,-234.720915
1.6,2.25,51.67541556001221,-234.721142
1.65,2.25,52.2602545071981,-234.72021
1.7,2.25,53.41612719040472,-234.718368
1.75,2.25,55.01753168961009,-234.715816
1.7999999999999998,2.25,56.911983172006806,-234.712797
1.8499999999999999,2.25,58.92315144001204,-234.709592
1.9,2.25,60.90608177599939,-234.706432
1.95,2.25,62.72648712560471,-234.703531
2,2.25,64.2281175984123,-234.701138
2.05,2.25,65.2641359480005,-234.699487
2.0999999999999996,2.25,65.79940163680453,-234.698634
2.15,2.25,65.91925597040512,-234.698443
2.1999999999999997,2.25,65.75735849360368,-234.698701
2.25,2.25,65.42917097281186,-234.699224
2.3,2.25,65.02191724240565,-234.699873
2.3499999999999996,2.25,64.5958382240113,-234.700552
2.4,2.25,64.18983951280192,-234.701199
2.4499999999999997,2.25,63.82023635840767,-234.701788
2.5,2.25,63.49581389520635,-234.702305
2.55,2.25,63.22284721919997,-234.70274
2.5999999999999996,2.25,62.99882629199485,-234.703097
2.65,2.25,62.82312360401042,-234.703377
2.6999999999999997,2.25,62.70326927040983,-234.703568
2.75,2.25,62.63989080080933,-234.703669
2.8,2.25,62.621065512803355,-234.703699
1.5,2.3,56.390522694403586,-234.713628
1.55,2.3,55.04388709279705,-234.715774
1.6,2.3,54.69812930319609,-234.716325
1.65,2.3,55.07589008240542,-234.715723
1.7,2.3,56.02280206880457,-234.714214
1.75,2.3,57.40771575600365,-234.712007
1.7999999999999998,2.3,59.05806600401028,-234.709377
1.8499999999999999,2.3,60.79564008641071,-234.706608
1.9,2.3,62.48426842000987,-234.703917
1.95,2.3,64.01288180560283,-234.701481
2,2.3,65.22397533359488,-234.699551
2.05,2.3,65.96882922880481,-234.698364
2.0999999999999996,2.3,66.20979291520281,-234.69798
2.15,2.3,66.0384827944073,-234.698253
2.1999999999999997,2.3,65.6017361128042,-234.698949
2.25,2.3,65.02128973280723,-234.699874
2.3,2.3,64.38060243120184,-234.700895
2.3499999999999996,2.3,63.73991512959645,-234.701916
2.4,2.3,63.140015951995075,-234.702872
2.4499999999999997,2.3,62.5991026768053,-234.703734
2.5,2.3,62.12282289039502,-234.704493
2.55,2.3,61.71619666960506,-234.705141
2.5999999999999996,2.3,61.382989072008094,-234.705672
2.65,2.3,61.12006254961202,-234.706091
2.6999999999999997,2.3,60.92427955440695,-234.706403
2.75,2.3,60.79062000960555,-234.706616
2.8,2.3,60.70778874240066,-234.706748
1.5,2.3499999999999996,59.73389384319829,-234.7083
1.55,2.3499999999999996,58.21532061119782,-234.71072
1.6,2.3499999999999996,57.67440733600804,-234.711582
1.65,2.3499999999999996,57.845089947205146,-234.71131
1.7,2.3499999999999996,58.5780211600095,-234.710142
1.75,2.3499999999999996,59.73577637201137,-234.708297
1.7999999999999998,2.3499999999999996,61.13575028960809,-234.706066
1.8499999999999999,2.3499999999999996,62.59031754240964,-234.703748
1.9,2.3499999999999996,63.973976210411884,-234.701543
1.95,2.3499999999999996,65.18820728639601,-234.699608
2,2.3499999999999996,66.09056609120064,-234.69817
2.05,2.3499999999999996,66.54237300320138,-234.69745
2.0999999999999996,2.3499999999999996,66.5066049560025,-234.697507
2.15,2.3499999999999996,66.07550586080299,-234.698194
2.1999999999999997,2.3499999999999996,65.40030553119556,-234.69927
2.25,2.3499999999999996,64.5958382240113,-234.700552
2.3,2.3499999999999996,63.73991512959645,-234.701916
2.3499999999999996,2.3499999999999996,62.894659698408155,-234.703263
2.4,2.3499999999999996,62.10776265999737,-234.704517
2.4499999999999997,2.3499999999999996,61.4030693792109,-234.70564
2.5,2.3499999999999996,60.78748246159564,-234.706621
2.55,2.3499999999999996,60.267904512805494,-234.707449
2.5999999999999996,2.3499999999999996,59.84684557119847,-234.70812
2.65,2.3499999999999996,59.52179559839874,-234.708638
2.6999999999999997,2.3499999999999996,59.27392930640032,-234.709033
2.75,2.3499999999999996,59.0894414840024,-234.709327
2.8,2.3499999999999996,58.95703695839783,-234.709538
1.5,2.4,62.926035178400284,-234.703213
1.55,2.4,61.24619197919677,-234.70589
1.6,2.4,60.52518344879798,-234.707039
1.65,2.4,60.50259310320151,-234.707075
1.7,2.4,61.02844614801148,-234.706237
1.75,2.4,61.96657299999715,-234.704742
1.7999999999999998,2.4,63.128720779205764,-234.70289
1.8499999999999999,2.4,64.32098901920968,-234.70099
1.9,2.4,65.41536576161104,-234.699246
1.95,2.4,66.31709705679943,-234.697809
2,2.4,66.8975434367964,-234.696884
2.05,2.4,67.04249815440495,-234.696653
2.0999999999999996,2.4,66.73313592160129,-234.697146
2.15,2.4,66.06860325520259,-234.698205
2.1999999999999997,2.4,65.18946230561068,-234.699606
2.25,2.4,64.18983951280192,-234.701199
2.3,2.4,63.140015951995075,-234.702872
2.3499999999999996,2.4,62.10713515039895,-234.704518
2.4,2.4,61.15018301040732,-234.706043
2.4499999999999997,2.4,60.29927999279762,-234.707399
2.5,2.4,59.56509376079643,-234.708569
2.55,2.4,58.95138937201209,-234.709547
2.5999999999999996,2.4,58.461931883999405,-234.710327
2.65,2.4,58.088563671996816,-234.710922
2.6999999999999997,2.4,57.80492933279953,-234.711374
2.75,2.4,57.581535915210665,-234.71173
2.8,2.4,57.4058332272084,-234.71201
1.5,2.4499999999999997,65.96443666159806,-234.698371
1.55,2.4499999999999997,64.13650119681175,-234.701284
1.6,2.4499999999999997,63.25359518961151,-234.702691
1.65,2.4499999999999997,63.05216460800286,-234.703012
1.7,2.4499999999999997,63.384117186403,-234.702483
1.75,2.4499999999999997,64.11579338001053,-234.701317
1.7999999999999998,2.4499999999999997,65.05517525121085,-234.69982
1.8499999999999999,2.4499999999999997,66.00396976640526,-234.698308
1.9,2.4499999999999997,66.82788987121174,-234.696995
1.95,2.4499999999999997,67.42151395281111,-234.696049
2,2.4499999999999997,67.66687020639804,-234.695658
2.05,2.4499999999999997,67.4886574800021,-234.695942
2.0999999999999996,2.4499999999999997,66.91197615759563,-234.696861
2.15,2.4499999999999997,66.0428753615962,-234.698246
2.1999999999999997,2.4499999999999997,64.98991425279728,-234.699924
2.25,2.4499999999999997,63.81960884880925,-234.701789
2.3,2.4499999999999997,62.5991026768053,-234.703734
2.3499999999999996,2.4499999999999997,61.4030693792109,-234.70564
2.4,2.4499999999999997,60.29927999279762,-234.707399
2.4499999999999997,2.4499999999999997,59.32664011280992,-234.708949
2.5,2.4499999999999997,58.498327440796686,-234.710269
2.55,2.4499999999999997,57.81183193839994,-234.711363
2.5999999999999996,2.4499999999999997,57.26966364399549,-234.712227
2.65,2.4499999999999997,56.8586448559988,-234.712882
2.6999999999999997,2.4499999999999997,56.54551756560463,-234.713381
2.75,2.4499999999999997,56.290748668005804,-234.713787
2.8,2.4499999999999997,56.07802291360784,-234.714126
1.5,2.5,68.97836527040413,-234.693568
1.55,2.5,67.01739777039698,-234.696693
1.6,2.5,65.98765451681078,-234.698334
1.65,2.5,65.6186788719971,-234.698922
1.7,2.5,65.76426109920408,-234.69869
1.75,2.5,66.29136916321087,-234.69785
1.7999999999999998,2.5,67.00924014559975,-234.696706
1.8499999999999999,2.5,67.71518844560089,-234.695581
1.9,2.5,68.26237681681049,-234.694709
1.95,2.5,68.53471598320063,-234.694275
2,2.5,68.4261568224072,-234.694448
2.05,2.5,67.91787404640637,-234.695258
2.0999999999999996,2.5,67.08767884559789,-234.696581
2.15,2.5,66.03534524639738,-234.698258
2.1999999999999997,2.5,64.8229966992085,-234.70019
2.25,2.5,63.49581389520635,-234.702305
2.3,2.5,62.122195380796605,-234.704494
2.3499999999999996,2.5,60.78748246159564,-234.706621
2.4,2.5,59.56446625119801,-234.70857
2.4499999999999997,2.5,58.49769993119828,-234.71027
2.5,2.5,57.601616222395634,-234.711698
2.55,2.5,56.866174971197616,-234.71287
2.5999999999999996,2.5,56.28447357200381,-234.713797
2.65,2.5,55.84270681359557,-234.714501
2.6999999999999997,2.5,55.50447913921127,-234.71504
2.75,2.5,55.22209981921081,-234.71549
2.8,2.5,54.97486103681081,-234.715884
1.5,2.55,72.08704782880281,-234.688614
1.55,2.55,70.00497097599825,-234.691932
1.6,2.55,68.83717561040389,-234.693793
1.65,2.55,68.30567497920819,-234.69464
1.7,2.55,68.26237681681049,-234.694709
1.75,2.55,68.57801414559832,-234.694206
1.7999999999999998,2.55,69.06433408560109,-234.693431
1.8499999999999999,2.55,69.51300344960974,-234.692716
1.9,2.55,69.76400728960024,-234.692316
1.95,2.55,69.69309870480092,-234.692429
2,2.55,69.21870144720371,-234.693185
2.05,2.55,68.38662371759999,-234.694511
2.0999999999999996,2.55,67.31295479199984,-234.696222
2.15,2.55,66.07425084160616,-234.698196
2.1999999999999997,2.55,64.69937730799958,-234.700387
2.25,2.55,63.22284721919997,-234.70274
2.3,2.55,61.71619666960506,-234.705141
2.3499999999999996,2.55,60.26727700320708,-234.70745
2.4,2.55,58.95076186239584,-234.709548
2.4499999999999997,2.55,57.81183193839994,-234.711363
2.5,2.55,56.8655474615992,-234.712871
2.55,2.55,56.10500582641105,-234.714083
2.5999999999999996,2.55,55.50008657200453,-234.715047
2.65,2.55,55.03321942960615,-234.715791
2.6999999999999997,2.55,54.669263861597635,-234.716371
2.75,2.55,54.35676408080188,-234.716869
2.8,2.55,54.07438476080143,-234.717319
1.5,2.5999999999999996,75.34507767199896,-234.683422
1.55,2.5999999999999996,73.14063644720015,-234.686935
1.6,2.5999999999999996,71.82600383520199,-234.68903
1.65,2.5999999999999996,71.11440794879726,-234.690164
1.7,2.5999999999999996,70.86465912800361,-234.690562
1.75,2.5999999999999996,70.95690303920256,-234.690415
1.7999999999999998,2.5999999999999996,71.20288680240574,-234.690023
1.8499999999999999,2.5999999999999996,71.38737462480366,-234.689729
1.9,2.5999999999999996,71.33152627040198,-234.689818
1.95,2.5999999999999996,70.90607476160605,-234.690496
2,2.5999999999999996,70.06897695519717,-234.69183
2.05,2.5999999999999996,68.92314442560087,-234.693656
2.0999999999999996,2.5999999999999996,67.59909916960864,-234.695766
2.15,2.5999999999999996,66.15582708959639,-234.698066
2.1999999999999997,2.5999999999999996,64.61215347360579,-234.700526
2.25,2.5999999999999996,62.99882629199485,-234.703097
2.3,2.5999999999999996,61.382989072008094,-234.705672
2.3499999999999996,2.5999999999999996,59.84747308079689,-234.708119
2.4,2.5999999999999996,58.461931883999405,-234.710327
2.4499999999999997,2.5999999999999996,57.26966364399549,-234.712227
2.5,2.5999999999999996,56.28447357200381,-234.713797
2.55,2.5999999999999996,55.50008657200453,-234.715047
2.5999999999999996,2.5999999999999996,54.89014724081067,-234.716019
2.65,2.5999999999999996,54.40445481040632,-234.716793
2.6999999999999997,2.5999999999999996,54.01037878160251,-234.717421
2.75,2.5999999999999996,53.66273846320631,-234.717975
2.8,2.5999999999999996,53.33894350960341,-234.718491
1.5,2.65,78.71794177200837,-234.678047
1.55,2.65,76.36729081040419,-234.681793
1.6,2.65,74.8681703760081,-234.684182
1.65,2.65,73.94322122560699,-234.685656
1.7,2.65,73.4732165351987,-234.686405
1.75,2.65,73.3458320863993,-234.686608
1.7999999999999998,2.65,73.36465737440527,-234.686578
1.8499999999999999,2.65,73.29500380880278,-234.686689
1.9,2.65,72.93857835601092,-234.687257
1.95,2.65,72.16611403839937,-234.688488
2,2.65,70.97949338479903,-234.690379
2.05,2.65,69.52304360320223,-234.6927
2.0999999999999996,2.65,67.9323067672056,-234.695235
2.15,2.65,66.27128885600807,-234.697882
2.1999999999999997,2.65,64.55944266719618,-234.70061
2.25,2.65,62.82312360401042,-234.703377
2.3,2.65,61.12006254961202,-234.706091
2.3499999999999996,2.65,59.52116808880032,-234.708639
2.4,2.65,58.088563671996816,-234.710922
2.4499999999999997,2.65,56.8586448559988,-234.712882
2.5,2.65,55.84333432321181,-234.7145
2.55,2.65,55.03321942960615,-234.715791
2.5999999999999996,2.65,54.40445481040632,-234.716793
2.65,2.65,53.90621218799799,-234.717587
2.6999999999999997,2.65,53.4826432079973,-234.718262
2.75,2.65,53.09295974640023,-234.718883
2.8,2.65,52.72272908240756,-234.719473
1.5,2.6999999999999997,82.1014735352087,-234.672655
1.55,2.6999999999999997,79.55566708799785,-234.676712
1.6,2.6999999999999997,77.83252572639664,-234.679458
1.65,2.6999999999999997,76.68732070639875,-234.681283
1.7,2.6999999999999997,76.01588543439965,-234.682353
1.75,2.6999999999999997,75.69648304800349,-234.682862
1.7999999999999998,2.6999999999999997,75.51450526399923,-234.683152
1.8499999999999999,2.6999999999999997,75.21079061759914,-234.683636
1.9,2.6999999999999997,74.58265350799772,-234.684637
1.95,2.6999999999999997,73.4594113239979,-234.686427
2,2.6999999999999997,71.99605893680068,-234.688759
2.05,2.6999999999999997,70.16624094320129,-234.691675
2.0999999999999996,2.6999999999999997,68.29939988320619,-234.69465
2.15,2.6999999999999997,66.42063614080554,-234.697644
2.1999999999999997,2.6999999999999997,64.55003002320211,-234.700625
2.25,2.6999999999999997,62.70326927040983,-234.703568
2.3,2.6999999999999997,60.92427955440695,-234.706403
2.3499999999999996,2.6999999999999997,59.27392930640032,-234.709033
2.4,2.6999999999999997,57.80492933279953,-234.711374
2.4499999999999997,2.6999999999999997,56.54551756560463,-234.713381
2.5,2.6999999999999997,55.50447913921127,-234.71504
2.55,2.6999999999999997,54.669263861597635,-234.716371
2.5999999999999996,2.6999999999999997,54.01037878160251,-234.717421
2.65,2.6999999999999997,53.4826432079973,-234.718262
2.6999999999999997,2.6999999999999997,53.023306180797746,-234.718994
2.75,2.6999999999999997,52.59095206640141,-234.719683
2.8,2.6999999999999997,52.176795730394794,-234.720343
1.5,2.75,85.38836882000331,-234.667417
1.55,2.75,82.63736673361115,-234.671801
1.6,2.75,80.70589218480089,-234.674879
1.65,2.75,79.36741420800942,-234.677012
1.7,2.75,78.51588368080131,-234.678369
1.75,2.75,78.01826856800922,-234.679162
1.7999999999999998,2.75,77.64427284640823,-234.679758
1.8499999999999999,2.75,77.11026217680102,-234.680609
1.9,2.75,76.18468551680151,-234.682084
1.95,2.75,74.76651382079723,-234.684344
2,2.75,72.9222631063986,-234.687283
2.05,2.75,70.83265613839524,-234.690613
2.0999999999999996,2.75,68.69284840241158,-234.694023
2.15,2.75,66.60575147280187,-234.697349
2.1999999999999997,2.75,64.58768059919623,-234.700565
2.25,2.75,62.63989080080933,-234.703669
2.3,2.75,60.79062000960555,-234.706616
2.3499999999999996,2.75,59.0894414840024,-234.709327
2.4,2.75,57.581535915210665,-234.71173
2.4499999999999997,2.75,56.290748668005804,-234.713787
2.5,2.75,55.22209981921081,-234.71549
2.55,2.75,54.3573915904003,-234.716868
2.5999999999999996,2.75,53.663365972804726,-234.717974
2.65,2.75,53.09295974640023,-234.718883
2.6999999999999997,2.75,52.59095206640141,-234.719683
2.75,2.75,52.122829904806196,-234.720429
2.8,2.75,51.67353303119913,-234.721145
1.5,2.8,88.57674509759697,-234.662336
1.55,2.8,85.63623511200173,-234.667022
1.6,2.8,83.5139976448094,-234.670404
1.65,2.8,81.992286864799,-234.672829
1.7,2.8,80.9600335728013,-234.674474
1.75,2.8,80.27730312799504,-234.675562
1.7999999999999998,2.8,79.70250433440164,-234.676478
1.8499999999999999,2.8,78.94070767999882,-234.677692
1.9,2.8,77.78232495839853,-234.679538
1.95,2.8,76.03722076079929,-234.682319
2,2.8,73.87796022721125,-234.68576
2.05,2.8,71.48526612240619,-234.689573
2.0999999999999996,2.8,69.09068948880589,-234.693389
2.15,2.8,66.81220213119785,-234.69702
2.1999999999999997,2.8,64.65984420321021,-234.70045
2.25,2.8,62.62043800320494,-234.7037
2.3,2.8,60.70778874240066,-234.706748
2.3499999999999996,2.8,58.95640944879941,-234.709539
2.4,2.8,57.4058332272084,-234.71201
2.4499999999999997,2.8,56.07802291360784,-234.714126
2.5,2.8,54.97486103681081,-234.715884
2.55,2.8,54.07438476080143,-234.717319
2.5999999999999996,2.8,53.33894350960341,-234.718491
2.65,2.8,52.72272908240756,-234.719473
2.6999999999999997,2.8,52.176795730394794,-234.720343
2.75,2.8,51.67290552160071,-234.721146
2.8,2.8,51.196625735208265,-234.721905